"Customer Status",total_charges
Stayed,11272509.399999993
Churned,2726469.0000000005
Joined,27921.44999999998
